-- phpMyAdmin SQL Dump
-- version 4.9.2
-- https://www.phpmyadmin.net/
--
-- Host: 127.0.0.1:3306
-- Generation Time: Jan 24, 2020 at 10:30 AM
-- Server version: 10.2.30-MariaDB
-- PHP Version: 7.2.26

SET SQL_MODE = "NO_AUTO_VALUE_ON_ZERO";
SET AUTOCOMMIT = 0;
START TRANSACTION;
SET time_zone = "+00:00";


/*!40101 SET @OLD_CHARACTER_SET_CLIENT=@@CHARACTER_SET_CLIENT */;
/*!40101 SET @OLD_CHARACTER_SET_RESULTS=@@CHARACTER_SET_RESULTS */;
/*!40101 SET @OLD_COLLATION_CONNECTION=@@COLLATION_CONNECTION */;
/*!40101 SET NAMES utf8mb4 */;

--
-- Database: `u871036354_pay`
--

-- --------------------------------------------------------

--
-- Table structure for table `administrator`
--

CREATE TABLE `administrator` (
  `adm_id` int(11) NOT NULL,
  `username` varchar(223) COLLATE utf8_unicode_ci NOT NULL,
  `email` varchar(223) COLLATE utf8_unicode_ci NOT NULL,
  `password` varchar(223) COLLATE utf8_unicode_ci NOT NULL,
  `cr_d` datetime(6) NOT NULL
) ENGINE=InnoDB DEFAULT CHARSET=utf8 COLLATE=utf8_unicode_ci;

--
-- Dumping data for table `administrator`
--

INSERT INTO `administrator` (`adm_id`, `username`, `email`, `password`, `cr_d`) VALUES
(10, 'ns949405', 'ns949405@gmail.com', '$2y$10$oJ/Q/Sucs/Eybt3I8D2o9u1FebprEa6PssZ2c/5aUT09DfpXgvoau', '2019-06-03 00:00:00.000000');

-- --------------------------------------------------------

--
-- Table structure for table `batch`
--

CREATE TABLE `batch` (
  `b_id` int(11) NOT NULL,
  `batch_name` varchar(223) COLLATE utf8_unicode_ci NOT NULL,
  `status` int(11) NOT NULL DEFAULT 0,
  `cr_d` varchar(223) COLLATE utf8_unicode_ci NOT NULL
) ENGINE=InnoDB DEFAULT CHARSET=utf8 COLLATE=utf8_unicode_ci;

--
-- Dumping data for table `batch`
--

INSERT INTO `batch` (`b_id`, `batch_name`, `status`, `cr_d`) VALUES
(6, 'Walmart 3 Stage 2 Tagging', 0, '2019-07-28 15:33:18'),
(9, 'Morrisons 3 Stage 2 Tagging', 0, '2019-09-20 16:33:31'),
(10, 'Morrisons 5 Stage 2 Tagging', 0, '2019-10-23 20:10:31'),
(11, 'Morrisons 6 stage 2 Tagging', 0, '2019-11-07 21:18:31'),
(12, 'Walmart 4 stage 2 Tagging', 1, '2019-11-11 21:56:31');

-- --------------------------------------------------------

--
-- Table structure for table `global_tasks`
--

CREATE TABLE `global_tasks` (
  `task_id` int(11) NOT NULL,
  `b_id` int(11) NOT NULL,
  `tagr_id` int(11) NOT NULL DEFAULT 0,
  `task_status` int(11) NOT NULL DEFAULT 0,
  `task_code` varchar(222) COLLATE utf8_unicode_ci NOT NULL,
  `attributes` varchar(222) COLLATE utf8_unicode_ci NOT NULL DEFAULT '0',
  `total_tags` varchar(222) COLLATE utf8_unicode_ci NOT NULL,
  `minutes` varchar(222) COLLATE utf8_unicode_ci DEFAULT '0',
  `avg` varchar(223) COLLATE utf8_unicode_ci NOT NULL DEFAULT '0',
  `a_w_m` varchar(223) COLLATE utf8_unicode_ci NOT NULL DEFAULT '0',
  `t_w_m` varchar(222) COLLATE utf8_unicode_ci NOT NULL DEFAULT '0',
  `usd` varchar(225) COLLATE utf8_unicode_ci NOT NULL DEFAULT '0',
  `cr_d` varchar(222) COLLATE utf8_unicode_ci NOT NULL,
  `c_date` varchar(22) COLLATE utf8_unicode_ci NOT NULL
) ENGINE=InnoDB DEFAULT CHARSET=utf8 COLLATE=utf8_unicode_ci;

--
-- Dumping data for table `global_tasks`
--

INSERT INTO `global_tasks` (`task_id`, `b_id`, `tagr_id`, `task_status`, `task_code`, `attributes`, `total_tags`, `minutes`, `avg`, `a_w_m`, `t_w_m`, `usd`, `cr_d`, `c_date`) VALUES
(220, 6, 65, 1, 'ydwzvvkyD2jX8J8Gn', '0', '210', '0', '0.00', '0', '0', '1.68', '2019-08-18 10:57:59', '2019-08-18'),
(221, 6, 65, 1, 'asoNjiStFes8d8vLf', '0', '117', '0', '0.00', '0', '0', '0.936', '2019-08-18 11:29:16', '2019-08-18'),
(222, 6, 65, 1, '3FBRPGeuR7cdZoQPY', '0', '167', '0', '0.00', '0', '0', '1.336', '2019-08-18 12:13:34', '2019-08-18'),
(223, 6, 65, 1, '8bG5kYtfwtSLQweB5', '0', '348', '0', '0.00', '0', '15', '2.664', '2019-08-18 14:50:10', '2019-08-18'),
(224, 6, 65, 1, 'uhna8SzbdDDHvtW74', '0', '42', '0', '0.00', '0', '6', '0.288', '2019-08-18 15:40:03', '2019-08-18'),
(225, 6, 65, 1, 'Hsmz7yyCSDqdswX53', '0', '227', '0', '0.00', '0', '4', '1.784', '2019-08-18 19:40:52', '2019-08-18'),
(226, 6, 65, 1, '8ov4eKpgHMdwkJcY9', '0', '217', '0', '0.00', '0', '0', '1.736', '2019-08-18 20:22:45', '2019-08-18'),
(227, 6, 65, 1, 'ZnFghxjTDpyKw8oiS', '0', '417', '0', '0.00', '0', '16', '3.208', '2019-08-18 22:20:12', '2019-08-18'),
(228, 6, 65, 1, 'YdYNmm6rhog2pnhQK', '0', '154', '0', '0.00', '0', '13', '1.128', '2019-08-18 22:41:34', '2019-08-18'),
(229, 6, 65, 1, 'CD6eWDF27y9e7WbcS', '0', '105', '0', '0.00', '0', '11', '0.752', '2019-08-18 22:58:58', '2019-08-18'),
(230, 6, 65, 1, 'XMxWHntRKnpZvbCKc', '0', '297', '0', '0.00', '0', '9', '2.304', '2019-08-19 17:05:13', '2019-08-19'),
(231, 6, 65, 1, 'xmA3EHDoG6BewoAcC', '0', '303', '0', '0.00', '0', '0', '2.424', '2019-08-19 18:35:56', '2019-08-19'),
(232, 6, 65, 1, 'KEEDZJ4j98hLoyMxM', '0', '444', '0', '0.00', '0', '1', '3.544', '2019-08-19 20:34:51', '2019-08-19'),
(233, 6, 59, 1, 'skgXn49pdyT3iMZvw', '80', '378', '60', '9.52', '0', '0', '3.264', '2019-08-20 13:40:51', '2019-08-20'),
(234, 6, 65, 1, 'rnTsRYnmjaq8LcoBa', '0', '92', '0', '0.00', '0', '3', '0.712', '2019-08-20 13:53:05', '2019-08-20'),
(235, 6, 60, 0, 'gjE4ahB6auQBk86Rg', '0', '517', '0', '0.00', '0', '0', '4.136', '2019-08-20 21:27:22', '2019-08-20'),
(236, 6, 65, 1, 'cLQufDTqHkh4Lz4p8', '0', '512', '0', '0.00', '0', '11', '4.008', '2019-08-20 15:55:28', '2019-08-20'),
(237, 6, 60, 0, 'qtKyEyB2kh8bNkegb', '0', '614', '0', '0.00', '0', '0', '4.912', '2019-08-21 00:12:15', '2019-08-21'),
(238, 6, 65, 1, '2im2uZgp2PppsMbJw', '0', '258', '0', '0.00', '0', '0', '2.064', '2019-08-20 21:02:21', '2019-08-20'),
(239, 6, 60, 0, 'oQuwfMPk8bf5mXRaf', '0', '302', '0', '0.00', '0', '0', '2.416', '2019-08-21 12:34:36', '2019-08-21'),
(242, 6, 60, 0, 'uLfbXdsvbZktJzYMA', '0', '545', '0', '0.00', '0', '0', '4.36', '2019-08-21 14:21:19', '2019-08-21'),
(243, 9, 65, 1, '6ktk7SMLC5qyDu63x', '0', '302', '0', '0.00', '0', '40', '2.096', '2019-09-20 21:37:54', '2019-09-20'),
(244, 9, 71, 0, 'TGZzRHt5FMPoJWjk8', '0', '341', '0', '0.00', '0', '48', '2.344', '2019-09-21 11:51:17', '2019-09-21'),
(245, 9, 71, 0, 'mgXyK4EiFGGo8ZNPG', '0', '376', '0', '0.00', '0', '0', '3.008', '2019-09-22 09:54:32', '2019-09-22'),
(246, 9, 59, 1, 'g2GcotYhJ8ZDkTcdE', '13', '170', '0', '0.00', '0', '24', '1.207', '2019-09-22 20:17:20', '2019-09-22'),
(247, 9, 71, 0, '6QDcXRpTNsmLY3LFH', '0', '376', '0', '0.00', '0', '13', '2.904', '2019-09-22 23:19:54', '2019-09-22'),
(248, 9, 71, 0, 'Z4T5fDp7bqMrHBCAW', '0', '212', '0', '0.00', '0', '17', '1.56', '2019-09-23 07:34:04', '2019-09-23'),
(249, 9, 71, 0, 'iTbHE4i43g59BytQG', '0', '472', '0', '0.00', '0', '6', '3.728', '2019-09-23 12:09:55', '2019-09-23'),
(250, 9, 71, 0, 'D7yuYHkjetKKesM7N', '0', '270', '0', '0.00', '0', '0', '2.16', '2019-09-23 14:20:30', '2019-09-23'),
(251, 9, 71, 0, 'Q2KbyKoC7SDi9J8nu', '0', '320', '0', '0.00', '0', '0', '2.56', '2019-09-23 15:45:38', '2019-09-23'),
(252, 9, 71, 0, 'CaRbmNmNoEZgbpREk', '0', '394', '0', '0.00', '0', '22', '2.976', '2019-09-23 17:23:15', '2019-09-23'),
(253, 9, 59, 1, '9nDQefcjMMmQXC2p9', '0', '172', '0', '0.00', '0', '7', '1.32', '2019-09-23 15:36:28', '2019-09-23'),
(254, 9, 59, 1, 'qEQbp6uRk4g2HDpL6', '0', '124', '0', '0.00', '0', '4', '0.96', '2019-09-23 16:17:22', '2019-09-23'),
(255, 9, 59, 1, 'eKx8RsB6Mkz6MgfKh', '35', '551', '70', '7.62', '0', '4', '4.481', '2019-09-23 23:35:50', '2019-09-23'),
(256, 9, 59, 1, 'dQkEjFaKrez5Rm3Jx', '76', '315', '60', '11.43', '4', '15', '2.584', '2019-09-24 00:43:22', '2019-09-24'),
(257, 9, 71, 0, 'bmhBEWnSuW2BiS266', '0', '481', '0', '0.00', '0', '0', '3.848', '2019-09-24 10:46:22', '2019-09-24'),
(258, 9, 71, 0, 'kCf3N75fJamZ6Jy7m', '0', '150', '0', '0.00', '0', '0', '1.2', '2019-09-24 12:01:52', '2019-09-24'),
(259, 9, 71, 0, 'mxaNFzS2BbpChSSTG', '0', '863', '0', '0.00', '0', '0', '6.904', '2019-09-24 16:19:55', '2019-09-24'),
(260, 9, 71, 0, 'sqj7BWcm6D98CgSYM', '0', '168', '0', '0.00', '0', '0', '1.344', '2019-09-24 18:44:14', '2019-09-24'),
(261, 9, 71, 0, 'QsqRAdSYQqSiqKmt5', '0', '227', '0', '0.00', '0', '0', '1.816', '2019-09-24 20:39:30', '2019-09-24'),
(262, 9, 65, 1, 'CpKTC2ravy3jhGaC7', '0', '245', '0', '0.00', '0', '15', '1.84', '2019-09-24 14:39:54', '2019-09-24'),
(263, 9, 71, 0, 'sDuxangrvvZS7AHYZ', '0', '348', '0', '0.00', '0', '0', '2.784', '2019-09-24 22:34:59', '2019-09-24'),
(264, 9, 71, 0, 'rkEPGSBu5kBx6SLfF', '0', '391', '0', '0.00', '0', '0', '3.128', '2019-09-25 10:35:36', '2019-09-25'),
(265, 9, 71, 0, 'K8JoarqNWSc9DCRL2', '0', '217', '0', '0.00', '0', '0', '1.736', '2019-09-25 11:50:43', '2019-09-25'),
(266, 9, 71, 0, 'idgjKY79AMJkFbcjL', '0', '380', '0', '0.00', '0', '0', '3.04', '2019-09-25 13:34:42', '2019-09-25'),
(267, 9, 59, 1, 'ZC2vuqimP9Lum6hgx', '24', '238', '60', '15.13', '0', '9', '1.904', '2019-09-25 13:33:35', '2019-09-25'),
(268, 9, 59, 1, 'no2Djg3HEGdM89bsk', '0', '172', '45', '15.70', '0', '2', '1.36', '2019-09-25 14:19:00', '2019-09-25'),
(269, 9, 59, 1, 'GCgadLxHvaQSHyBop', '0', '200', '0', '0.00', '0', '137', '0.504', '2019-09-25 15:12:59', '2019-09-25'),
(270, 9, 59, 1, 'rDBhjLTPZdh8RiM6i', '0', '384', '57', '8.91', '0', '24', '2.88', '2019-09-25 16:30:16', '2019-09-25'),
(271, 9, 71, 0, 'cRyEnBXPgmBf9yjhY', '0', '476', '0', '0.00', '0', '0', '3.808', '2019-09-25 19:45:14', '2019-09-25'),
(272, 9, 71, 0, 'WSHgijA5Q9xk2hatk', '0', '522', '0', '0.00', '0', '0', '4.176', '2019-09-25 22:54:55', '2019-09-25'),
(273, 10, 65, 1, 'QFjMLqLjyZJZRvtaE', '0', '130', '0', '0.00', '0', '8', '0.976', '2019-10-23 17:30:06', '2019-10-23'),
(274, 10, 65, 1, 'E3Q4xNAkhT7SFa8Cp', '0', '25', '0', '0.00', '0', '1', '0.192', '2019-10-23 17:30:23', '2019-10-23'),
(275, 10, 65, 1, 'SrEr3Wc4bJaNoQBsF', '0', '237', '0', '0.00', '0', '6', '1.848', '2019-10-23 18:52:23', '2019-10-23'),
(276, 10, 65, 1, 'sqaaf8wrjj3zpF7fn', '0', '470', '0', '0.00', '0', '32', '3.504', '2019-10-23 20:36:38', '2019-10-23'),
(277, 10, 65, 1, 'fLEkwBWJnvX3Td2c6', '0', '74', '0', '0.00', '0', '5', '0.552', '2019-10-23 22:29:28', '2019-10-23'),
(278, 11, 65, 1, 'YkwxW6m5Q2um42QE8', '0', '135', '0', '0.00', '0', '11', '0.992', '2019-11-07 16:51:57', '2019-11-07'),
(279, 11, 65, 1, 'wPSiuYc3iN36TA9Zc', '0', '191', '0', '0.00', '0', '1', '1.52', '2019-11-07 17:22:05', '2019-11-07'),
(280, 11, 65, 1, 'sK2c3SmEm6te9R68p', '0', '186', '0', '0.00', '0', '13', '1.384', '2019-11-07 18:25:20', '2019-11-07'),
(281, 11, 65, 1, 'XiTnu7DJ9Tq2ZPPXj', '0', '161', '0', '0.00', '0', '6', '1.24', '2019-11-07 19:05:31', '2019-11-07'),
(282, 11, 65, 1, 'cyT3ZEbmNFanRwuuH', '0', '322', '0', '0.00', '0', '10', '2.496', '2019-11-07 19:57:16', '2019-11-07'),
(283, 11, 65, 1, 'MyYQHbwRGex8MQw4M', '0', '230', '0', '0.00', '0', '25', '1.64', '2019-11-08 10:56:40', '2019-11-08'),
(284, 11, 65, 1, 'QvXzvCxRh7RhNmtjh', '0', '195', '0', '0.00', '0', '59', '1.088', '2019-11-08 12:04:18', '2019-11-08'),
(285, 11, 65, 1, 'vcFa94o9kPSrFKWbd', '0', '173', '0', '0.00', '0', '4', '1.352', '2019-11-08 12:54:00', '2019-11-08'),
(286, 11, 65, 1, 'cW9NtDNFY6eGMLWmo', '0', '421', '0', '0.00', '0', '31', '3.12', '2019-11-08 20:07:56', '2019-11-08'),
(287, 11, 65, 1, 'JiZTwCZnDeCpmKoWv', '0', '201', '0', '0.00', '0', '3', '1.584', '2019-11-09 13:15:09', '2019-11-09'),
(288, 11, 65, 1, 'cQBsAaM8iyDqAxpHT', '0', '416', '0', '0.00', '0', '60', '2.848', '2019-11-09 14:32:06', '2019-11-09'),
(289, 11, 65, 1, '2odavo7G78SHfim3s', '0', '417', '0', '0.00', '0', '18', '3.192', '2019-11-09 16:22:19', '2019-11-09'),
(290, 12, 59, 1, 'LKZESWMwMsfCQbHwM', '0', '641', '0', '0.00', '0', '4', '5.096', '2019-11-11 23:42:27', '2019-11-11'),
(291, 12, 65, 1, 'znS9REQucnr9nQRHM', '0', '122', '0', '0.00', '0', '55', '0.536', '2019-11-16 17:57:24', '2019-11-16'),
(292, 12, 65, 1, 'HTmDT2jrss6cnCi6C', '0', '69', '0', '0.00', '0', '4', '0.52', '2019-11-16 18:26:51', '2019-11-16'),
(293, 12, 65, 1, 'E8wATitaLTYTvbh8w', '0', '222', '0', '0.00', '0', '57', '1.32', '2019-11-16 19:27:33', '2019-11-16'),
(294, 12, 65, 0, 'z6BXgw3MgEujXY9uc', '0', '269', '0', '0.00', '0', '0', '2.152', '2019-11-17 17:33:54', '2019-11-17'),
(295, 12, 65, 0, 'guSetxz2fMERXyiNR', '0', '271', '0', '0.00', '0', '0', '2.168', '2019-11-17 19:01:49', '2019-11-17'),
(296, 12, 65, 0, 'A2gzzQtkT8fQxJGPT', '0', '188', '0', '0.00', '0', '0', '1.504', '2019-11-17 20:01:04', '2019-11-17');

-- --------------------------------------------------------

--
-- Table structure for table `taggers`
--

CREATE TABLE `taggers` (
  `tagr_id` int(11) NOT NULL,
  `tagr_type` int(11) NOT NULL DEFAULT 1 COMMENT '1:Local 2: Global',
  `token` varchar(223) COLLATE utf8_unicode_ci NOT NULL,
  `username` varchar(225) COLLATE utf8_unicode_ci NOT NULL,
  `email` varchar(223) COLLATE utf8_unicode_ci NOT NULL,
  `password` varchar(225) COLLATE utf8_unicode_ci NOT NULL,
  `status` int(11) NOT NULL DEFAULT 0 COMMENT '0:unverify 1:verify 2: suspend',
  `cr_d` varchar(223) COLLATE utf8_unicode_ci NOT NULL,
  `upd_d` varchar(222) COLLATE utf8_unicode_ci NOT NULL
) ENGINE=InnoDB DEFAULT CHARSET=utf8 COLLATE=utf8_unicode_ci;

--
-- Dumping data for table `taggers`
--

INSERT INTO `taggers` (`tagr_id`, `tagr_type`, `token`, `username`, `email`, `password`, `status`, `cr_d`, `upd_d`) VALUES
(13, 1, 'ed61cec8d9891c52658a5ffa909e4d41', 'navjot789', 'ns949405@gmail.com', '$2y$10$Yz.I69c0w9eg1XLwzE8I6uuNIeg5K2J9m4AlWjkn1gbL5BIJC1h16', 1, '2019-05-19 16:22:48', '2019-08-22 16:59:28'),
(15, 1, '50e520d45cd3edc1b15ff5d62e019d2f', 'Starkanu', 'dashingraokanu@gmail.com', '$2y$10$c9YzAi3M1WP4Xk3t7GVOuOkUqZOyz04u2TG1tKSZwiX3h1iX7mYPK', 1, '2019-05-27 15:09:01', '0'),
(18, 1, '2afaa89ef8aec995ace3e065340adc44', 'Ritesh', 'riteshking18@gmail.com', '$2y$10$Jy92bCF88eRUIVitsg7AIeX02EyDRIiPgzkOjnO0aLuTazDxZM9NK', 2, '2019-05-28 16:52:29', '0'),
(24, 1, '35d13e7a3d944a1860225315a6cf4e30', 'Parminderkaur', 'pkaur241996@gmail.com', '$2y$10$ffkTVt0Nx8GzWc4wpdSZ2eUgkRgYrNHdO7uEREYFmo3dABRsInwBS', 1, '2019-06-06 15:20:35', '2019-09-23 21:51:33'),
(30, 1, '31da31ede9b1d010c6a2b079b9e7ade3', 'Rahulkumar', 'rsrs4632815@gmail.com', '$2y$10$OVlRSrPdp7YZUwM20A/teeM8s6I.CC6lbHvj2XEmCjdHLXvrHXHYu', 2, '2019-07-26 14:58:24', '0'),
(50, 2, 'd1b8ab9c0791889f5e8247767806fc19', 'perabkv96', 'peka.st64@gmail.com', '$2y$10$0nWnj7rBPHO8Y1YI7KwD5u31BKUNNKVQuKMnCEz78ysLO8XCLY6D2', 1, '2019-07-30 19:18:45', ''),
(52, 2, 'c88c6044d87e7ae9a66b69aee63136c2', 'ralphlauren03', 'ralphlagallardo@gmail.com', '$2y$10$5bYF0s.tXbpspyVOlffudeL.m6aG92l9IBVb6XkoZagW4HhtO0ogG', 1, '2019-08-01 00:57:35', ''),
(53, 2, '47a207e7c6541cc46e899171387f3935', 'zacaryzee', 'medizacjelouch@yahoo.com', '$2y$10$CE3uvfjlHa8jeR1PNWZtf.QycKQ3beA84kEuA/AgjD.6ZmAb7sdp.', 1, '2019-08-01 00:57:37', ''),
(54, 2, 'ab65a3207bd1124cc40a39b1f2b9d91c', 'mutinjo', 'milanmutic@yahoo.com', '$2y$10$yuC2KEuz0NEnPzf8c0axEefYUPV5a2cqjbwok9aHTXj4M5nFSCthm', 1, '2019-07-31 19:13:36', ''),
(55, 2, '0f8efdd6e53467ee2d9b22d893bd133e', 'hearth12', 'cleo.olado@gmail.com', '$2y$10$Gfnm6F1UWa2PLelxHqDEP.Y5n56zYvU1rUsNDA5jM9WeYTln4lZyC', 1, '2019-08-01 06:12:06', ''),
(56, 2, '20b1e929867d1dd5082bde41fc0b2939', 'skacavenda11@gmail.com', 'skacavenda11@gmail.com', '$2y$10$YxXfmYHj65b.ySOdjObWn.ghfAb5l8qKSheMMkfU.zJ/8drTDFOIa', 1, '2019-08-01 02:33:50', ''),
(57, 2, '0332d3d48d58d32521ab291da9a5f549', 'Zussy', 'zussymeccajade@gmail.com', '$2y$10$QpiuMSe415C7sSoh9DitWe8oQrVCoyUgz4pPu4t4xJNpRPE2DOTQC', 1, '2019-08-01 08:53:54', ''),
(58, 2, '845da8ba3171a40acb6cefa8f215b3b9', 'ellemenowpi', 'laiellai.99@gmail.com', '$2y$10$5FBnmlbv/X4nspdsswbmzufXcWfx6xWQXJ6rp798fSEfi7JbZXGea', 1, '2019-08-01 12:23:50', ''),
(59, 2, '3757621362a7a3fbf5f31c035cae3730', 'snavjot969', 'snavjot969@yahoo.com', '$2y$10$lQB0dU5G5gDRLyjwr2WXcOWy5LMzFHBWDFqsKbAoSkw9wH82Iab/y', 1, '2019-08-03 15:14:49', ''),
(60, 2, 'b79d7cd548b132c0f06b1ed7c4fb5d8b', 'PatrickPriolco', 'patrickpriolco88@gmail.com', '$2y$10$Xf/Wsi63wsDBlt4shzFdCebPV.12ot4IaupRZLOHkGHY8Ezjcp9e.', 1, '2019-08-14 19:18:26', '2019-08-18 14:07:03'),
(61, 2, 'e0cffa8d935732c3186f60a6aa8cfc92', 'Ssenire29', 'ssenire29@gmail.com', '$2y$10$wkdAsk3gK0I1vNIPKyV3n.sPxv7oAsurG1yl/6x6rIXXJyL0Ou4BW', 1, '2019-08-16 14:49:02', '2019-08-19 02:08:01'),
(65, 2, '412025ade5b32b35f2ef98968e79a686', 'jelenagruslav', 'jelenagruslav996@gmail.com', '$2y$10$2mRE8EhNO182trMfBGlNSuDNzwrPJzQ8zm0eyYMY40UPg4Gu0NLQy', 1, '2019-08-18 10:56:03', ''),
(66, 2, 'c71f8910e5331ea4e544ca3d299a700a', 'vasilisapavicevic3@gmail.com', 'vasilisapavicevic3@gmail.com', '$2y$10$jI7bMLC9UBEvoDJMhMjO9uCL/xI2UUJNO7yov9qwQdSM7SA/B5XXq', 1, '2019-08-19 11:10:13', ''),
(67, 2, '1d6f8c6d5f15cd483e89a75a8f9337ac', 'kmelitante', 'melitante.kenneth@gmail.com', '$2y$10$g85vBDnysg2QQhzt.BWUaOwuQF44hDTRzVLJ1764xJizzAyprLm9q', 1, '2019-08-21 11:14:34', '2019-08-21 11:17:57'),
(71, 2, 'e3c532037c277dab72cdd28d15fadbc7', 'abbyghaile', 'abbyghaile26@gmail.com', '$2y$10$Vwwdr.1boJDUQ6dLNjFQuOE2JXAYFymz47kdf9s5lYoMJddevcKHu', 1, '2019-08-22 20:26:14', '2019-09-28 10:38:35'),
(73, 2, 'cc0575e39737f2d3db71c4ef0dd730c9', 'fabianski', 'djordjest9@gmail.com', '$2y$10$bvHvIDu7jkBG.Zz8P5pKh.WwdCKjrNDy4tz5rClMkWcpBdvFWKQTG', 1, '2019-09-20 12:13:29', ''),
(74, 2, '901bb6644fc1bafa656e37e6550570dc', 'nenad6614@gmail.com', 'nenad6614@gmail.com', '$2y$10$6q7nd62x/KnatChgIW5CPOzNyT4EktExt1wDODgM5FWCl4dPQ9fue', 1, '2019-09-22 22:20:01', ''),
(77, 1, '3d75019ddf0044f01859626010b59713', 'gouravsarmal', 'Sarmalgourav45@gmail.com', '$2y$10$I7kiui3RU7ETKqBO8FhAI.2/rUr2YcLfyWkKEm1dar2Frlp5ZpNTS', 1, '2019-11-12 14:06:55', '');

-- --------------------------------------------------------

--
-- Table structure for table `taggers_details`
--

CREATE TABLE `taggers_details` (
  `detail_id` int(11) NOT NULL,
  `tagr_id` int(11) NOT NULL,
  `f_name` varchar(200) COLLATE utf8_unicode_ci NOT NULL,
  `l_name` varchar(200) COLLATE utf8_unicode_ci NOT NULL,
  `work_as` varchar(200) COLLATE utf8_unicode_ci NOT NULL,
  `address` text COLLATE utf8_unicode_ci NOT NULL,
  `phone` varchar(20) COLLATE utf8_unicode_ci NOT NULL DEFAULT '0',
  `branch` varchar(200) COLLATE utf8_unicode_ci NOT NULL,
  `acc_h_name` varchar(200) COLLATE utf8_unicode_ci NOT NULL,
  `acc_no` varchar(25) COLLATE utf8_unicode_ci NOT NULL DEFAULT '0',
  `ifsc_code` varchar(20) COLLATE utf8_unicode_ci NOT NULL,
  `weekly_limit` varchar(20) COLLATE utf8_unicode_ci NOT NULL DEFAULT '0',
  `currency_code` varchar(20) COLLATE utf8_unicode_ci NOT NULL DEFAULT 'PHP',
  `cr_d` varchar(200) COLLATE utf8_unicode_ci NOT NULL,
  `up_d` varchar(200) COLLATE utf8_unicode_ci NOT NULL
) ENGINE=InnoDB DEFAULT CHARSET=utf8 COLLATE=utf8_unicode_ci;

--
-- Dumping data for table `taggers_details`
--

INSERT INTO `taggers_details` (`detail_id`, `tagr_id`, `f_name`, `l_name`, `work_as`, `address`, `phone`, `branch`, `acc_h_name`, `acc_no`, `ifsc_code`, `weekly_limit`, `currency_code`, `cr_d`, `up_d`) VALUES
(50, 13, 'Navjot', 'Singh', 'Tagger', 'badri colony phase 2 basti danishmandhan', '9041240382', 'sbi', 'NAVJOT SINGH', '35857716148', 'SBIN0002306', '0', 'INR', '2019-05-31 18:51:49', '2019-06-01 12:12:19'),
(51, 15, 'Kashish', 'sarmal', 'Tagger', 'Chotta Mirpur Jail Road Gurdaspur', '9855279860', 'Allahabad bank', 'KASHISH SARMAL', '50418349773', 'ALLA0212362', '0', 'INR', '2019-06-27 18:24:27', '2019-06-27 18:26:42'),
(58, 59, 'Navjot', 'singh', 'Tagger', '', '0', '', '', '0', '', '0', 'INR', '2019-08-23 01:41:00', '2019-08-24 15:13:39');

-- --------------------------------------------------------

--
-- Table structure for table `tasks`
--

CREATE TABLE `tasks` (
  `task_id` int(11) NOT NULL,
  `b_id` int(11) NOT NULL,
  `tagr_id` int(11) NOT NULL DEFAULT 0,
  `task_status` int(11) NOT NULL DEFAULT 0,
  `task_code` varchar(222) COLLATE utf8_unicode_ci NOT NULL,
  `attributes` varchar(222) COLLATE utf8_unicode_ci NOT NULL DEFAULT '0',
  `total_tags` varchar(222) COLLATE utf8_unicode_ci NOT NULL,
  `minutes` varchar(222) COLLATE utf8_unicode_ci DEFAULT '0',
  `avg` varchar(223) COLLATE utf8_unicode_ci NOT NULL DEFAULT '0',
  `a_w_m` varchar(223) COLLATE utf8_unicode_ci NOT NULL DEFAULT '0',
  `t_w_m` varchar(222) COLLATE utf8_unicode_ci NOT NULL DEFAULT '0',
  `usd` varchar(225) COLLATE utf8_unicode_ci NOT NULL DEFAULT '0',
  `cr_d` varchar(222) COLLATE utf8_unicode_ci NOT NULL,
  `c_date` varchar(22) COLLATE utf8_unicode_ci NOT NULL
) ENGINE=InnoDB DEFAULT CHARSET=utf8 COLLATE=utf8_unicode_ci;

--
-- Dumping data for table `tasks`
--

INSERT INTO `tasks` (`task_id`, `b_id`, `tagr_id`, `task_status`, `task_code`, `attributes`, `total_tags`, `minutes`, `avg`, `a_w_m`, `t_w_m`, `usd`, `cr_d`, `c_date`) VALUES
(54, 0, 13, 1, 'qw6BCmqeGXk2K39MH', '30', '92', '0', '0.00', '0', '0', '0.642', '2019-05-27 14:16:54', '2019-05-27'),
(55, 0, 13, 1, 'ANRYoPEHXTPEgJqTH', '113', '299', '0', '0.00', '0', '1', '2.133', '2019-05-27 15:02:06', '2019-05-27'),
(56, 0, 13, 1, '7tTdhBdJki2kLvZpe', '39', '252', '0', '0.00', '0', '7', '1.629', '2019-05-27 18:33:47', '2019-05-27'),
(57, 0, 13, 1, 'MmctmZEFcvm395GMy', '', '269', '0', '0.00', '0', '0', '1.614', '2019-05-28 00:10:34', '2019-05-28'),
(58, 0, 13, 1, 'oJwJuEiPzez7YxZqX', '1', '473', '0', '0.00', '0', '0', '2.841', '2019-05-28 01:07:23', '2019-05-28'),
(59, 0, 13, 1, 'N7isZ8jTKqN4LZFag', '0', '200', '25', '7.14', '0', '0', '1.2', '2019-05-28 01:35:23', '2019-05-28'),
(60, 0, 13, 1, 'iTZcy6WZHcao5t6W9', '5', '271', '26', '5.76', '0', '5', '1.641', '2019-05-28 02:12:22', '2019-05-28'),
(61, 0, 13, 1, 'xjXpcNiBuqpgewjeN', '', '429', '0', '0.00', '0', '15', '2.574', '2019-05-28 02:49:17', '2019-05-28'),
(62, 0, 13, 1, 'xFwShWfPD8FJnuato', '', '200', '19', '5.70', '0', '8', '1.2', '2019-05-28 03:16:05', '2019-05-28'),
(63, 0, 13, 1, '45bncLmktRiWHq67d', '', '349', '0', '0.00', '0', '10', '2.094', '2019-05-28 04:02:29', '2019-05-28'),
(65, 0, 13, 1, 'NnTdB8wT7FSXWGpPW', '123', '699', '0', '0.00', '6', '22', '4.563', '2019-05-29 11:12:38', '2019-05-29'),
(66, 0, 13, 1, '96ThW2Pp6hkWkvQXC', '2', '212', '21', '5.94', '0', '3', '1.278', '2019-05-29 22:06:50', '2019-05-29'),
(67, 0, 13, 1, '6keSrtz4AKZfzRnKB', '2', '209', '0', '0.00', '0', '0', '1.26', '2019-05-29 23:01:48', '2019-05-29'),
(68, 0, 13, 1, 'RXWEJxBzcNTQgW9QA', '2', '400', '47', '7.05', '0', '0', '2.406', '2019-05-29 23:59:38', '2019-05-29'),
(69, 0, 13, 1, 'LqatZnn3xx88Bh3y8', '128', '365', '0', '0.00', '5', '8', '2.574', '2019-05-31 01:34:42', '2019-05-31'),
(70, 0, 13, 1, 'tp4AThMidJbCwqCjv', '', '293', '33', '6.76', '0', '0', '1.758', '2019-05-31 02:35:57', '2019-05-31'),
(71, 0, 13, 1, '8gb3MzDyRRQrEw3Mo', '143', '551', '0', '0.00', '1', '58', '3.735', '2019-06-01 11:51:00', '2019-06-01'),
(72, 0, 13, 1, 'GMNGWnvW2gu3RzYnc', '', '207', '0', '0.00', '0', '48', '1.242', '2019-06-01 20:35:14', '2019-06-01'),
(73, 0, 13, 1, 'wQR3iEGyEQ238FoP3', '', '414', '0', '0.00', '0', '0', '2.484', '2019-06-02 13:07:57', '2019-06-02'),
(74, 0, 18, 1, 'j8bSowZ7nf5v44jwB', '', '569', '0', '0.00', '0', '0', '3.414', '2019-06-13 18:22:45', '2019-06-13'),
(75, 0, 13, 1, 'MyDBApRd5Hdpx5Cqs', '', '127', '0', '0.00', '0', '9', '0.762', '2019-06-02 22:25:19', '2019-06-02'),
(76, 0, 18, 1, 'PpzEeuF8FbSm3BXiQ', '', '322', '0', '0.00', '0', '27', '1.932', '2019-06-03 15:57:49', '2019-06-03'),
(77, 0, 15, 1, 'AtzHzFwYPAzqiGu93', '32', '206', '0', '0.00', '0', '14', '0.57', '2019-06-03 22:37:29', '2019-06-03'),
(78, 0, 15, 1, 'MeTSHM2uP6SF9yjBB', '', '280', '0', '0.00', '0', '28', '1.776', '2019-06-04 14:56:58', '2019-06-04'),
(79, 0, 18, 1, 'p2jzy8DZXSpvJGzTm', '20', '283', '0', '0.00', '1', '23', '1.758', '2019-06-04 18:21:43', '2019-06-04'),
(85, 0, 13, 1, '5hAQLneF5JW2uHGW7', '2', '342', '42', '7.37', '0', '36', '2.058', '2019-06-05 02:47:01', '2019-06-05'),
(86, 0, 15, 1, 'ryziwFSBQiZsGzD8i', '2', '262', '1', '0.23', '0', '3', '1.578', '2019-06-05 14:48:27', '2019-06-05'),
(87, 0, 18, 1, '2hcxDJrrD2NcQNy2J', '62', '290', '0', '0.00', '26', '2', '1.926', '2019-06-05 15:45:44', '2019-06-05'),
(88, 0, 13, 1, 'J9XZjX2hSF8ztJj3D', '99', '227', '30', '7.93', '15', '0', '1.659', '2019-06-05 16:11:26', '2019-06-05'),
(89, 0, 18, 1, 'hPqS52WZk7YfdGju8', '14', '239', '0', '0.00', '1', '7', '1.476', '2019-06-05 21:31:00', '2019-06-05'),
(90, 0, 15, 1, 'An9F6TXhYoDj28xqH', '2', '385', '120', '18.70', '0', '29', '2.316', '2019-06-06 03:18:32', '2019-06-06'),
(91, 0, 18, 1, 'JrXrkqiygTfvquLfX', '2', '215', '0', '0.00', '0', '1', '1.296', '2019-06-06 11:53:27', '2019-06-06'),
(92, 0, 13, 1, 'HJAsGxfRHwNAxQN8e', '2', '484', '0', '0.00', '0', '2', '2.91', '2019-06-06 13:33:03', '2019-06-06'),
(93, 0, 18, 1, 'sJRdHSnCKijb86Qnj', '', '249', '0', '0.00', '0', '1', '1.494', '2019-06-06 17:02:16', '2019-06-06'),
(94, 0, 15, 1, 'Qow9B7DYwTMZr5cYA', '', '224', '0', '0.00', '0', '2', '1.344', '2019-06-10 19:49:36', '2019-06-10'),
(95, 0, 15, 1, '5iJdfdqYRgqWebivX', '', '105', '0', '0.00', '0', '0', '0.63', '2019-06-10 22:50:22', '2019-06-10'),
(96, 0, 15, 1, 'dSLxFfqobDR43EoC9', '', '93', '0', '0.00', '0', '5', '0.558', '2019-06-10 22:59:22', '2019-06-10'),
(97, 0, 13, 1, 'tdBk7QmR5BjgbrpKw', '', '131', '0', '0.00', '0', '2', '0.786', '2019-06-10 23:19:52', '2019-06-10'),
(98, 0, 18, 1, 'mKcvyxhMjqKS5B2Hg', '', '156', '0', '0.00', '0', '0', '0.936', '2019-06-10 23:23:29', '2019-06-10'),
(99, 0, 24, 1, 'AgjC4yGSp5iGyi5pw', '', '41', '0', '0.00', '0', '0', '0.246', '2019-06-11 00:27:58', '2019-06-11'),
(100, 0, 24, 1, 'a7HZDWKNa98TXE42G', '', '71', '0', '0.00', '0', '0', '0.426', '2019-06-11 00:30:27', '2019-06-11'),
(101, 0, 24, 1, 'auYMaxsnFcqBiH46i', '', '60', '0', '0.00', '0', '0', '0.36', '2019-06-11 01:07:41', '2019-06-11'),
(102, 0, 24, 1, 'fPT5HoTz8x73Bu3uH', '', '39', '0', '0.00', '0', '0', '0.234', '2019-06-11 02:07:17', '2019-06-11'),
(103, 0, 24, 1, 'wQjMrToqSAAJdNqY5', '', '80', '0', '0.00', '0', '0', '0.48', '2019-06-11 03:14:02', '2019-06-11'),
(104, 0, 15, 1, 'PfF8bTAZtZroKvFgp', '', '139', '0', '0.00', '0', '7', '0.834', '2019-06-11 09:28:06', '2019-06-11'),
(105, 0, 15, 1, 'B4nEANvAnS6aZ7GPC', '', '208', '0', '0.00', '0', '0', '1.248', '2019-06-11 09:32:08', '2019-06-11'),
(106, 0, 15, 1, 'GY87SkRKfmAakSe43', '', '126', '0', '0.00', '0', '1', '0.756', '2019-06-11 16:13:14', '2019-06-11'),
(107, 0, 13, 1, 'KEi4rXMmbBMw56Ms7', '', '92', '0', '0.00', '0', '0', '0.552', '2019-06-11 16:51:04', '2019-06-11'),
(108, 0, 13, 1, '9s7Pro5Tab4rrneST', '', '65', '0', '0.00', '0', '1', '0.39', '2019-06-11 17:10:48', '2019-06-11'),
(109, 0, 13, 1, 'ffp3XMg2uqFptrztw', '', '94', '0', '0.00', '0', '1', '0.564', '2019-06-11 17:34:58', '2019-06-11'),
(110, 0, 13, 1, '23GwvzbpJdzyp2bgF', '', '35', '0', '0.00', '0', '0', '0.21', '2019-06-11 17:51:24', '2019-06-11'),
(111, 0, 13, 1, '4Tc4RcA9yJvktpinL', '0', '68', '0', '0.00', '0', '1', '0.402', '2019-06-11 18:11:27', '2019-06-11'),
(112, 0, 13, 1, '2KHy2LzbbH9GfwHFQ', '', '17', '0', '0.00', '0', '0', '0.102', '2019-06-11 18:17:27', '2019-06-11'),
(113, 0, 13, 1, 'AZFib6QZsDCZ8cQ2q', '', '38', '0', '0.00', '0', '0', '0.228', '2019-06-11 18:25:49', '2019-06-11'),
(114, 0, 15, 1, 'RgqL9HDL2HwykYeFF', '', '89', '0', '0.00', '0', '0', '0.534', '2019-06-11 18:33:05', '2019-06-11'),
(115, 0, 13, 1, '56HLfbhDLBTbrWdtm', '', '53', '0', '0.00', '0', '0', '0.318', '2019-06-11 18:36:57', '2019-06-11'),
(116, 0, 15, 1, 'Fhf3tkkQJSX4sLSnY', '', '59', '0', '0.00', '0', '0', '0.354', '2019-06-11 21:38:36', '2019-06-11'),
(117, 0, 15, 1, '9KtASsqAfTbWBJA7k', '', '25', '0', '0.00', '0', '0', '0.15', '2019-06-11 21:42:15', '2019-06-11'),
(118, 0, 18, 1, 'wwHPd7cxAvPRdK3Si', '', '258', '0', '0.00', '0', '2', '1.557', '2019-06-11 21:43:54', '2019-06-11'),
(119, 0, 18, 1, 'oLFh6SZ9WYzheZGZ9', '', '247', '0', '0.00', '0', '0', '1.482', '2019-06-11 22:53:44', '2019-06-11'),
(120, 0, 15, 1, 'NGYHqT5yeaLCdauPq', '0', '120', '0', '0.00', '0', '1', '0.714', '2019-06-11 23:14:56', '2019-06-11'),
(121, 0, 15, 1, 'ytrQvZeLFWkfqzZ3Q', '', '58', '0', '0.00', '0', '0', '0.348', '2019-06-12 11:40:31', '2019-06-12'),
(122, 0, 15, 1, 'pxNbBXN3eMzhe284L', '', '19', '0', '0.00', '0', '0', '0.114', '2019-06-12 11:52:15', '2019-06-12'),
(123, 0, 15, 1, 'gy4CTseBG4M9ithvW', '', '27', '0', '0.00', '0', '0', '0.162', '2019-06-12 12:03:26', '2019-06-12'),
(124, 0, 15, 1, 'uvTJ7MekcQGv2uKHW', '', '62', '0', '0.00', '0', '0', '0.372', '2019-06-12 12:26:25', '2019-06-12'),
(125, 0, 18, 1, 'YW8FmGxJKrkpkkF8e', '', '72', '0', '0.00', '0', '0', '0.432', '2019-06-12 17:01:16', '2019-06-12'),
(126, 0, 15, 1, 'XiE6qp2AwHfXKcnSK', '0', '292', '0', '0.00', '0', '7', '1.71', '2019-06-12 23:49:16', '2019-06-12'),
(127, 0, 15, 1, 'QF5WrzwGfMSWg8mA5', '0', '157', '0', '0.00', '0', '0', '0.942', '2019-06-12 23:49:51', '2019-06-12'),
(128, 0, 13, 1, 'dx8HjejtRkLtkSr3s', '0', '158', '0', '0.00', '0', '0', '0.948', '2019-06-13 00:54:09', '2019-06-13'),
(129, 0, 15, 1, 'Sc5iX9Sxf2vEihDf8', '0', '270', '0', '0.00', '0', '5', '1.59', '2019-06-13 01:04:19', '2019-06-13'),
(130, 0, 13, 1, 'bBkfLpoPCJ5PyZvFW', '0', '67', '0', '0.00', '0', '2', '0.39', '2019-06-13 01:18:27', '2019-06-13'),
(131, 0, 13, 1, 'dTjevBCar3Rg7JcBp', '', '118', '0', '0.00', '0', '1', '0.708', '2019-06-13 01:52:28', '2019-06-13'),
(132, 0, 15, 1, 'otkZ6xBK6g7rQ5JF8', '0', '125', '0', '0.00', '0', '0', '0.75', '2019-06-13 08:21:09', '2019-06-13'),
(133, 0, 15, 1, 'tRPPsCoviZ766i8wn', '0', '160', '0', '0.00', '0', '1', '0.954', '2019-06-13 09:39:08', '2019-06-13'),
(134, 0, 15, 1, 'skqJTWbwvBEwjCpJd', '0', '148', '0', '0.00', '0', '0', '0.888', '2019-06-13 12:00:01', '2019-06-13'),
(135, 0, 18, 1, '2jutn2frMkFdRQACg', '0', '254', '0', '0.00', '0', '0', '1.524', '2019-06-13 13:53:45', '2019-06-13'),
(136, 0, 18, 1, 'aEPuEWz54oLKFiadc', '0', '393', '0', '0.00', '0', '1', '2.352', '2019-06-13 14:13:34', '2019-06-13'),
(137, 0, 15, 1, 'vaNdRwssLp5mkwZQH', '0', '75', '0', '0.00', '0', '0', '0.45', '2019-06-13 22:02:08', '2019-06-13'),
(138, 0, 18, 1, '9TXR28a8oCHHX5KJR', '12', '75', '0', '0.00', '0', '0', '0.486', '2019-06-13 23:01:45', '2019-06-13'),
(139, 0, 15, 1, 'JvaRQm4JAS9J3i6eZ', '0', '110', '29', '15.82', '0', '3', '0.642', '2019-06-14 18:21:25', '2019-06-14'),
(141, 0, 15, 1, 'Ddb29n6fSwxtoBoHP', '0', '389', '70', '10.80', '0', '1', '2.328', '2019-06-20 21:21:29', '2019-06-20'),
(142, 0, 15, 1, 'vobpJpfbjHeg5Gnj2', '31', '364', '94', '15.49', '0', '0', '2.277', '2019-06-21 00:43:57', '2019-06-21'),
(143, 0, 18, 1, 'LCTcegAKrwGGFA8Bu', '75', '302', '59', '11.72', '0', '12', '1.965', '2019-06-21 12:56:44', '2019-06-21'),
(144, 0, 13, 1, 'mCkDNE2y6suTDJufN', '70', '628', '69', '6.59', '0', '1', '3.972', '2019-06-21 14:40:28', '2019-06-21'),
(145, 0, 18, 1, 'kcMo7h9oiL79vgRRE', '53', '464', '114', '14.74', '0', '5', '2.913', '2019-06-21 17:51:09', '2019-06-21'),
(146, 0, 15, 2, 'P2fj56PWP9S9DFcPC', '19', '557', '145', '0', '0', '1', '3.393', '2019-06-21 22:25:16', '2019-06-21'),
(147, 0, 13, 1, 'uwfcuSe8zaXo7JBow', '49', '337', '40', '7.12', '0', '5', '2.139', '2019-06-22 14:12:37', '2019-06-22'),
(148, 0, 15, 1, 'AbSk2iYYgLrSTNkdr', '65', '631', '130', '12.36', '0', '18', '3.873', '2019-06-22 19:25:40', '2019-06-22'),
(149, 0, 13, 1, 'YATGHKohp8y5YBQbg', '98', '352', '54', '9.20', '0', '9', '2.352', '2019-06-23 18:53:18', '2019-06-23'),
(150, 0, 13, 1, 'PQva8DyQx5tG8Smx7', '160', '757', '78', '6.18', '0', '5', '4.992', '2019-06-23 23:50:06', '2019-06-23'),
(151, 0, 15, 1, 'ZJuKpvW8tqXoXxBFc', '10', '234', '100', '25.64', '0', '4', '1.41', '2019-06-24 17:42:13', '2019-06-24'),
(152, 0, 13, 1, 'PXbEQF9ct8coDn4Gt', '24', '400', '42', '6.30', '0', '21', '2.346', '2019-06-24 17:51:20', '2019-06-24'),
(153, 0, 13, 1, 'RcEXKTqsHqncZRgHS', '13', '180', '22', '7.33', '0', '1', '1.113', '2019-06-24 18:23:28', '2019-06-24'),
(154, 0, 13, 1, 'k2CRQ9s8dKLv5Lzpi', '3', '205', '22', '6.44', '0', '2', '1.227', '2019-06-24 18:54:28', '2019-06-24'),
(155, 0, 15, 1, '8A5GccnRn7Zd7rWv6', '0', '30', '35', '70.00', '0', '0', '0.18', '2019-07-01 19:26:37', '2019-07-01'),
(156, 0, 13, 1, '7oNHZo7rYcQCDv5qx', '0', '158', '14', '5.32', '0', '0', '0.948', '2019-07-02 00:43:00', '2019-07-02'),
(157, 0, 13, 1, 'vbzHkLJprdMDhJw2k', '0', '140', '20', '8.57', '0', '4', '0.816', '2019-07-02 01:12:02', '2019-07-02'),
(158, 0, 13, 1, 'jWESSnyJ9q7wapDkX', '6', '607', '140', '13.84', '0', '30', '3.48', '2019-07-02 03:37:00', '2019-07-02'),
(159, 0, 13, 1, 'f5mbx5cn4uHerXFbR', '0', '456', '55', '7.24', '0', '10', '2.676', '2019-07-02 05:33:55', '2019-07-02'),
(160, 0, 13, 1, 'WjMTgWi5om2FL8bvb', '0', '106', '17', '9.62', '0', '4', '0.612', '2019-07-02 05:55:32', '2019-07-02'),
(161, 0, 15, 1, 'NX8KA9SzLy6FcSGFj', '0', '440', '100', '13.64', '0', '53', '2.322', '2019-07-02 07:17:50', '2019-07-02'),
(164, 0, 18, 1, 'KuXhqkuEJBsrNBnCN', '0', '261', '70', '11.63', '0', '5', '1.536', '2019-07-02 16:24:56', '2019-07-02'),
(165, 0, 13, 1, 'f7qYeahmmNjet3hA2', '2', '385', '42', '6.55', '0', '7', '2.274', '2019-07-02 17:00:45', '2019-07-02'),
(166, 0, 15, 1, 'qb3jppbcEL7Wi6gXc', '0', '435', '120', '13.46', '0', '18', '2.502', '2019-07-03 08:36:01', '2019-07-03'),
(167, 0, 18, 1, 'fYRRifpkEgMB5Btwr', '0', '401', '75', '11.22', '0', '4', '2.382', '2019-07-03 11:07:01', '2019-07-03'),
(168, 0, 18, 1, 'v4QXMjcp87Nj7cKYi', '0', '268', '45', '10.07', '0', '19', '1.494', '2019-07-03 12:34:53', '2019-07-03'),
(169, 0, 18, 1, 'EyMkvGEjgS2wCccy2', '0', '384', '69', '10.78', '0', '74', '1.86', '2019-07-03 16:41:00', '2019-07-03'),
(170, 0, 13, 1, '7nb9Lb9DRjymLou6b', '0', '377', '60', '7.55', '0', '5', '2.232', '2019-07-03 20:33:00', '2019-07-03'),
(171, 0, 18, 1, 'k6fRjvLjbigi7uPaB', '0', '203', '48', '11.08', '0', '16', '1.122', '2019-07-03 21:32:58', '2019-07-03'),
(172, 0, 15, 1, 'uTmHDygvhBMdH6aAL', '0', '253', '79', '18.74', '0', '0', '1.518', '2019-07-03 22:22:59', '2019-07-03'),
(173, 0, 15, 1, 'QepsaXqSmYF96TqEN', '0', '487', '120', '14.78', '0', '12', '2.85', '2019-07-04 01:20:03', '2019-07-04'),
(174, 0, 13, 1, 'gBGkyxmZAX3k7MzpR', '0', '600', '130', '12.38', '0', '2', '3.588', '2019-07-04 14:05:11', '2019-07-04'),
(175, 0, 15, 1, 'cY8EwDjttnfHRq6mE', '0', '275', '90', '18.00', '0', '10', '1.59', '2019-07-04 23:27:38', '2019-07-04'),
(177, 0, 18, 1, '9TzuhKfcRt5xS2G7z', '0', '337', '50', '8.90', '0', '91', '1.476', '2019-07-24 21:31:13', '2019-07-24'),
(180, 0, 13, 1, 'n8A7f9PW8PmRCGjNF', '77', '352', '45', '7.67', '2', '26', '2.169', '2019-07-25 00:28:56', '2019-07-25'),
(181, 0, 15, 1, 'RwypyBwPFAMKzZBxT', '4', '148', '44', '17.84', '0', '14', '0.816', '2019-07-25 00:29:15', '2019-07-25'),
(182, 0, 13, 1, 'XoBE9peEn68vKu3nd', '82', '538', '90', '10.04', '3', '15', '3.357', '2019-07-25 16:12:14', '2019-07-25'),
(183, 0, 15, 1, 'vA7iM662ppyojEk46', '0', '80', '19', '14.25', '0', '0', '0.48', '2019-07-25 17:17:57', '2019-07-25'),
(184, 0, 15, 1, 'BNokJMki8xTk4XiLE', '0', '138', '45', '19.57', '0', '0', '0.828', '2019-07-25 20:57:20', '2019-07-25'),
(185, 0, 15, 1, 'W4bjAy5zKQcPDaCSJ', '0', '108', '25', '13.89', '0', '4', '0.624', '2019-07-26 00:02:25', '2019-07-26'),
(186, 0, 15, 1, 'XhkLA5CYPpeMmaGfp', '0', '370', '95', '15.41', '0', '24', '2.076', '2019-07-26 09:47:16', '2019-07-26'),
(187, 0, 15, 1, 'WsrgiF4ZeytEAmS6x', '10', '130', '25', '11.54', '0', '0', '0.81', '2019-07-26 16:40:06', '2019-07-26'),
(188, 0, 15, 1, 'yjmCYfFSXrPYcwBux', '0', '192', '60', '18.75', '0', '27', '0.99', '2019-07-26 19:57:42', '2019-07-26'),
(189, 0, 15, 1, '8Z5xWwQrbYJEBgvhb', '0', '239', '45', '11.30', '0', '16', '1.338', '2019-07-26 21:35:14', '2019-07-26'),
(190, 0, 15, 1, 'G8e6y478XukeGnmXb', '0', '685', '100', '8.76', '0', '2', '4.098', '2019-07-27 15:46:21', '2019-07-27'),
(191, 0, 15, 1, 'Xz6XkQyWsfuvECwAH', '0', '531', '120', '13.56', '0', '6', '3.15', '2019-07-27 19:37:23', '2019-07-27'),
(193, 6, 15, 1, 'xjGBknSXmiwBZSu73', '53', '260', '50', '11.54', '2', '19', '1.587', '2019-07-28 14:16:46', '2019-07-28'),
(194, 6, 15, 1, '7Phcf5jvwiW9EKbsQ', '11', '162', '50', '18.52', '0', '9', '0.951', '2019-07-28 15:54:34', '2019-07-28'),
(195, 6, 15, 1, 'hBsyfvJMyDQL9SQE9', '0', '437', '100', '13.73', '0', '1', '2.616', '2019-07-28 20:53:13', '2019-07-28'),
(196, 6, 15, 1, 'xHF8B9huun4bXnjEP', '0', '149', '40', '16.11', '0', '0', '0.894', '2019-07-29 15:52:24', '2019-07-29'),
(197, 6, 15, 1, 'Z5KyF4YcYvvaXJdEF', '0', '192', '55', '17.19', '0', '0', '1.152', '2019-07-29 16:34:10', '2019-07-29'),
(201, 6, 15, 1, 'vSkhWGY7dosZJn2AH', '0', '530', '65', '7.36', '0', '25', '3.03', '2019-07-31 21:00:11', '2019-07-31'),
(203, 6, 13, 1, 'rBTEahHawq9HAiLwd', '0', '184', '21', '6.85', '0', '3', '1.086', '2019-08-01 14:35:49', '2019-08-01'),
(204, 6, 13, 1, 'qb8Nss62p9ts4NwGA', '0', '298', '40', '8.05', '0', '0', '1.788', '2019-08-01 15:53:25', '2019-08-01'),
(205, 6, 15, 1, '43MMkucbxPzHzLywK', '0', '54', '10', '11.11', '0', '0', '0.324', '2019-08-01 16:50:45', '2019-08-01'),
(206, 6, 15, 1, '3Zg4q27ht25a8dPCo', '0', '574', '100', '10.45', '0', '0', '3.444', '2019-08-02 14:22:19', '2019-08-02'),
(207, 6, 13, 1, 'Ys6uL6Nyt73eGCELr', '14', '488', '48', '5.90', '0', '1', '2.964', '2019-08-02 15:02:46', '2019-08-02'),
(208, 6, 13, 1, 'eeQRpKiE9eCqQF57k', '0', '67', '11', '9.85', '0', '6', '0.366', '2019-08-02 19:29:11', '2019-08-02'),
(209, 6, 13, 1, 'DDfhYbAu9WmoKELdC', '0', '420', '65', '9.29', '0', '59', '2.166', '2019-08-02 20:37:03', '2019-08-02'),
(210, 6, 15, 1, 'o372A6vjdZZZe5BuS', '0', '300', '80', '16.00', '0', '40', '1.56', '2019-08-03 14:12:51', '2019-08-03'),
(211, 6, 13, 1, 'bwg7JjiFQcxwxxBh9', '0', '225', '25', '6.67', '0', '0', '1.35', '2019-08-03 14:14:21', '2019-08-03'),
(212, 6, 13, 1, '7WkXxN3JbEN26Srbr', '0', '81', '8', '5.93', '0', '10', '0.426', '2019-08-04 16:56:58', '2019-08-04'),
(213, 6, 15, 1, 'LEQbAxTdyJh4vvkjj', '0', '250', '45', '10.80', '0', '12', '1.428', '2019-08-04 17:39:50', '2019-08-04'),
(214, 6, 15, 1, 'sRuKtoCCD4r5L9Tdp', '0', '199', '50', '15.08', '0', '0', '1.194', '2019-08-04 19:35:50', '2019-08-04'),
(215, 6, 15, 1, 'n84s3Y6JXeb72duDe', '0', '193', '45', '13.99', '0', '8', '1.11', '2019-08-04 20:44:32', '2019-08-04'),
(216, 6, 15, 1, 'RqeYbWivSBdLo3otm', '0', '186', '50', '16.13', '0', '0', '1.116', '2019-08-04 21:43:48', '2019-08-04'),
(217, 6, 15, 1, 'fKxG6oy2qzfNNZd7o', '17', '119', '35', '17.65', '2', '6', '0.711', '2019-08-04 23:10:39', '2019-08-04'),
(218, 6, 15, 1, 'ix7PQs8LuvbpMy2jZ', '45', '172', '45', '15.70', '8', '1', '1.089', '2019-08-05 19:05:26', '2019-08-05'),
(219, 6, 13, 1, 'CGybRd6QkraZa239S', '31', '520', '62', '7.15', '0', '0', '3.213', '2019-08-06 16:29:04', '2019-08-06'),
(220, 6, 15, 1, 'kTCxnvvsnbZwi2kBx', '8', '339', '50', '8.85', '0', '12', '1.986', '2019-08-07 13:25:01', '2019-08-07'),
(221, 6, 13, 1, 'jpRRSNf8ZTe3nRbu4', '59', '265', '40', '9.06', '0', '1', '1.761', '2019-08-08 00:01:21', '2019-08-08'),
(222, 6, 13, 1, 'Fd56FmcatKEgeQ8Cf', '297', '673', '55', '4.90', '0', '0', '4.929', '2019-08-08 15:09:07', '2019-08-08'),
(223, 6, 15, 1, '35mqHSDJAfkJcJ2QY', '60', '210', '45', '12.86', '0', '1', '1.434', '2019-08-09 13:49:24', '2019-08-09'),
(224, 6, 13, 1, 'Fy97GD4X4wbe88WL2', '135', '474', '65', '8.23', '0', '5', '3.219', '2019-08-09 21:26:07', '2019-08-09'),
(225, 6, 13, 1, 'DMesMWQ6rD3RrWfzK', '0', '79', '15', '11.39', '0', '0', '0.474', '2019-08-09 21:45:02', '2019-08-09'),
(226, 6, 13, 1, 'oaueG2dWGhpCkXaWS', '55', '456', '40', '5.26', '0', '0', '2.901', '2019-08-09 22:28:06', '2019-08-09'),
(227, 6, 13, 1, '62wsMwGKSGe7ijYwb', '23', '158', '25', '9.49', '0', '1', '1.011', '2019-08-10 21:25:15', '2019-08-10'),
(228, 6, 15, 1, 'HXDLCnoDQZtr2yhC6', '20', '400', '75', '11.25', '0', '1', '2.454', '2019-08-11 13:39:28', '2019-08-11'),
(229, 6, 15, 1, '2fHeCyFaWD4NjmPEA', '60', '468', '80', '10.26', '0', '1', '2.982', '2019-08-11 15:59:49', '2019-08-11'),
(230, 6, 13, 1, 'CfQvaumZDfh6M4xKM', '0', '200', '24', '7.20', '0', '0', '1.2', '2019-08-11 17:52:44', '2019-08-11'),
(231, 6, 15, 1, 'pzp2zh3FzHtuN4tpY', '12', '443', '100', '13.54', '0', '3', '2.676', '2019-08-11 22:52:37', '2019-08-11'),
(232, 6, 15, 1, 'RnsEsdqcRJBSYLotM', '9', '167', '50', '17.96', '0', '1', '1.023', '2019-08-12 13:05:37', '2019-08-12'),
(233, 6, 15, 1, 'qxoqDmcY6mACevQtw', '14', '151', '40', '15.89', '0', '13', '0.87', '2019-08-12 16:41:28', '2019-08-12'),
(234, 6, 15, 1, 'wq2jTxEwaKQc6p58M', '1', '62', '10', '9.68', '0', '0', '0.375', '2019-08-12 21:10:46', '2019-08-12'),
(235, 6, 15, 1, 'nEELtEGuCfgtW3DaZ', '3', '271', '70', '15.50', '0', '0', '1.635', '2019-08-12 22:28:37', '2019-08-12'),
(236, 6, 15, 1, 'yxnvbnkAFTTFKnhMa', '15', '417', '120', '17.27', '0', '36', '2.331', '2019-08-13 00:34:01', '2019-08-13'),
(237, 6, 15, 1, 'NMxSiQ6neEsqPbbHK', '30', '247', '75', '18.22', '0', '3', '1.554', '2019-08-13 15:07:23', '2019-08-13'),
(238, 6, 15, 1, 'bdpJ6dHDpLCGpwQmK', '43', '400', '70', '10.50', '4', '15', '2.403', '2019-08-13 16:52:17', '2019-08-13'),
(239, 6, 15, 1, 'SScxyGsXaDsiuybLN', '16', '150', '30', '12.00', '0', '0', '0.948', '2019-08-15 22:32:35', '2019-08-15'),
(240, 6, 15, 1, 'J4X2qhj9LsmrSmxRK', '20', '460', '90', '11.74', '0', '1', '2.814', '2019-08-16 12:15:30', '2019-08-16'),
(241, 6, 15, 1, 'NfXGSTzbsXSibqH5r', '3', '196', '40', '12.24', '0', '24', '1.041', '2019-08-17 14:59:02', '2019-08-17'),
(243, 6, 15, 1, 'J3gxxcxBBkDP9L6yt', '0', '26', '10', '23.08', '0', '4', '0.132', '2019-08-18 21:16:03', '2019-08-18'),
(244, 9, 24, 1, 'SgWAgz3B6ZxJtc4Sh', '25', '264', '120', '27.27', '0', '18', '1.659', '2019-09-25 20:28:34', '2019-09-25'),
(245, 12, 77, 1, 'fdhsfJo9k3yevCy9t', '5', '118', '40', '20.34', '0', '22', '0.768', '2019-11-13 15:49:04', '2019-11-13');

-- --------------------------------------------------------

--
-- Table structure for table `team_tag_0`
--

CREATE TABLE `team_tag_0` (
  `tc_id` int(11) NOT NULL,
  `b_id` int(11) NOT NULL,
  `task_code` varchar(17) COLLATE utf8mb4_unicode_ci NOT NULL,
  `total_tags` varchar(222) COLLATE utf8mb4_unicode_ci NOT NULL,
  `mates` int(2) NOT NULL,
  `status` int(11) NOT NULL,
  `cr_d` varchar(25) COLLATE utf8mb4_unicode_ci NOT NULL
) ENGINE=InnoDB DEFAULT CHARSET=utf8mb4 COLLATE=utf8mb4_unicode_ci;

--
-- Dumping data for table `team_tag_0`
--

INSERT INTO `team_tag_0` (`tc_id`, `b_id`, `task_code`, `total_tags`, `mates`, `status`, `cr_d`) VALUES
(21, 9, 'fGFDj8ryaoBRSJzua', '231', 2, 1, '2019-09-25 17:25:15'),
(22, 12, 'Su2SWEJRLg2eJimWu', '612', 2, 0, '2019-11-12 14:13:50'),
(23, 12, 'wcoYPr9T8Xd3aDwz2', '497', 2, 0, '2019-11-12 16:58:51'),
(24, 12, 'jeLdqL8YY22Fs4J5k', '459', 2, 0, '2019-11-12 22:43:03'),
(25, 12, 'zxPTtdW7J65kuPDXm', '529', 2, 0, '2019-11-12 23:52:08'),
(27, 12, 'ZB2Z4htcDYiLNEQGp', '292', 2, 0, '2019-11-13 22:25:35'),
(28, 12, 'M286BcaNmMM2Luvtc', '231', 2, 0, '2019-11-13 23:18:22'),
(29, 12, 'fiA73vRDCgdy5Kq7j', '204', 2, 0, '2019-11-13 23:57:13'),
(30, 12, 'WAiQgg3tq7rMh842a', '392', 3, 0, '2019-11-14 21:37:32'),
(31, 12, 'pwM5orCLv4ASdxZLa', '371', 3, 0, '2019-11-14 22:27:47'),
(32, 12, 'wr3f6GZnkoDmjBY5Q', '367', 2, 0, '2019-11-14 23:21:17'),
(33, 12, 'X6tBo25trkGMYzbMp', '522', 2, 0, '2019-11-15 23:11:41'),
(34, 12, 'xjGB9ErDpJiMd3FbX', '448', 2, 0, '2019-11-16 21:58:58'),
(35, 12, 'nJumcoxqH9HKp6Nr2', '162', 2, 0, '2019-11-16 22:24:23'),
(36, 12, 'kgYE4LyKcEaWnjeHg', '160', 2, 0, '2019-11-16 22:52:36'),
(37, 12, 'KYTxiDSJnzQ7w88W7', '394', 2, 0, '2019-11-17 20:27:07'),
(38, 12, 'QGGrXDzdidr8rxgWf', '318', 2, 0, '2019-11-17 22:33:52'),
(39, 12, 'uZJQgJw96sjSwpL6k', '215', 2, 0, '2019-11-17 22:58:03'),
(40, 12, 'Ae6MoABoBXJX8zHZW', '400', 2, 0, '2019-11-17 23:38:10'),
(48, 12, 'tSJiQNRFwnabAnEuy', '319', 3, 0, '2019-11-18 21:51:52'),
(49, 12, 'cLoahcQAjGwaSNg5r', '280', 3, 0, '2019-11-18 22:28:31'),
(50, 12, 'bdEZQrDaKthXeAzj7', '454', 3, 0, '2019-11-18 23:15:03'),
(51, 12, 'khaKvkwjK9xtBh4Nc', '331', 3, 0, '2019-11-18 23:57:22'),
(52, 12, 'rKznX6wGs8sLo72qQ', '156', 2, 0, '2019-11-20 21:02:20'),
(53, 12, 'Wpk88EwutMvwFY5ZN', '194', 3, 0, '2019-11-20 21:36:19'),
(54, 12, 'amj6DMjKYoTWnjHBb', '137', 3, 0, '2019-11-20 22:01:17'),
(55, 12, 'fbwEhhat5o8RA79Qh', '304', 3, 0, '2019-11-20 22:44:58'),
(56, 12, 'EjQQMaC28yqDpkJhZ', '285', 3, 0, '2019-11-22 21:12:28'),
(57, 12, 'C3rdMK5MTvkg4nvvc', '333', 3, 0, '2019-11-22 21:53:06'),
(58, 12, '6LBYe4daeAPiao3Cg', '381', 3, 0, '2019-11-22 22:44:49'),
(59, 12, 'o6sYPXDhnXY5qPaaY', '250', 2, 0, '2019-11-22 23:14:55'),
(60, 12, 'r3HQ9GfNQifrZPf4s', '314', 2, 0, '2019-11-23 22:02:36'),
(61, 12, 'kgSLouH6fyCgFc6hC', '395', 2, 0, '2019-11-23 22:41:51'),
(62, 12, 'XzZLKqXEvBLvxPLeu', '742', 2, 0, '2019-11-24 00:24:19'),
(63, 12, '8R7e3PuWKJmEKTvCg', '264', 2, 0, '2019-11-24 23:04:30'),
(64, 12, 'MTWJpbpWXrQxwFbZJ', '419', 2, 0, '2019-11-24 23:48:35'),
(65, 12, 'WmkB8AcrdBGPNkJFY', '200', 2, 0, '2019-11-25 00:07:12'),
(66, 12, 'XckpJKHqsDH6wxY8n', '664', 2, 0, '2019-11-25 01:02:18'),
(67, 12, 'AuMJR3A2Qhhuxo3Tj', '154', 2, 0, '2019-11-25 21:38:31'),
(68, 12, 'k3hDTgHgyeQvyeoYe', '128', 2, 0, '2019-11-25 22:03:07'),
(69, 12, '2EK3BmBJmea5rp7zY', '153', 2, 0, '2019-11-25 22:29:50'),
(70, 12, 'fEAExxno6xDqWYzgF', '24', 2, 0, '2019-11-25 22:38:50'),
(71, 12, 'MR5SnABQTEZQESith', '58', 2, 0, '2019-11-25 22:51:04');

-- --------------------------------------------------------

--
-- Table structure for table `team_tag_1`
--

CREATE TABLE `team_tag_1` (
  `team_task_id` int(11) NOT NULL,
  `tc_id` int(11) NOT NULL,
  `tagr_id` int(11) NOT NULL,
  `my_att` varchar(25) COLLATE utf8mb4_unicode_ci NOT NULL DEFAULT '0',
  `my_tags` varchar(25) COLLATE utf8mb4_unicode_ci NOT NULL DEFAULT '0',
  `usd` varchar(15) COLLATE utf8mb4_unicode_ci NOT NULL DEFAULT '0',
  `a_w_m` int(11) NOT NULL DEFAULT 0,
  `t_w_m` int(11) NOT NULL DEFAULT 0,
  `cr_d` varchar(25) COLLATE utf8mb4_unicode_ci NOT NULL
) ENGINE=InnoDB DEFAULT CHARSET=utf8mb4 COLLATE=utf8mb4_unicode_ci;

--
-- Dumping data for table `team_tag_1`
--

INSERT INTO `team_tag_1` (`team_task_id`, `tc_id`, `tagr_id`, `my_att`, `my_tags`, `usd`, `a_w_m`, `t_w_m`, `cr_d`) VALUES
(41, 21, 13, '4', '146', '0', 0, 4, '2019-09-25 17:25:15'),
(42, 21, 24, '', '85', '0', 0, 3, '2019-09-25 17:34:06'),
(43, 22, 13, '20', '391', '0', 0, 12, '2019-11-12 14:13:50'),
(44, 22, 77, '3', '221', '0', 0, 13, '2019-11-12 14:16:29'),
(45, 23, 77, '', '162', '0', 0, 7, '2019-11-12 16:58:51'),
(46, 23, 13, '', '335', '0', 0, 7, '2019-11-12 16:59:27'),
(47, 24, 13, '4', '223', '0', 0, 0, '2019-11-12 22:43:03'),
(48, 24, 77, '5', '226', '0', 0, 0, '2019-11-12 22:44:29'),
(49, 25, 13, '27', '329', '0', 0, 0, '2019-11-12 23:52:08'),
(50, 25, 77, '5', '180', '0', 0, 0, '2019-11-12 23:52:36'),
(53, 27, 13, '', '232', '0', 0, 30, '2019-11-13 22:25:35'),
(54, 27, 77, '5', '60', '0', 0, 15, '2019-11-13 22:38:23'),
(55, 28, 13, '', '215', '0', 0, 65, '2019-11-13 23:18:22'),
(56, 28, 77, '3', '16', '0', 0, 11, '2019-11-13 23:21:26'),
(57, 29, 13, '19', '172', '0', 0, 4, '2019-11-13 23:57:13'),
(58, 29, 77, '3', '32', '0', 0, 3, '2019-11-13 23:58:25'),
(59, 30, 13, '3', '177', '0', 0, 15, '2019-11-14 21:37:32'),
(60, 30, 77, '6', '103', '0', 0, 15, '2019-11-14 21:38:43'),
(61, 30, 15, '5', '110', '0', 0, 15, '2019-11-14 21:39:19'),
(62, 31, 13, '12', '128', '0', 0, 6, '2019-11-14 22:27:47'),
(63, 31, 15, '0', '140', '0', 0, 6, '2019-11-14 22:29:29'),
(64, 31, 77, '3', '103', '0', 0, 6, '2019-11-14 22:29:42'),
(65, 32, 13, '9', '257', '0', 0, 4, '2019-11-14 23:21:17'),
(66, 32, 77, '4', '110', '0', 0, 3, '2019-11-14 23:24:10'),
(67, 33, 13, '35', '342', '0', 0, 21, '2019-11-15 23:11:41'),
(68, 33, 77, '2', '180', '0', 0, 10, '2019-11-15 23:17:03'),
(69, 34, 13, '18', '303', '0', 0, 1, '2019-11-16 21:58:58'),
(70, 34, 77, '4', '182', '0', 0, 0, '2019-11-16 22:20:13'),
(71, 35, 13, '25', '100', '0', 0, 45, '2019-11-16 22:24:23'),
(72, 35, 77, '3', '62', '0', 0, 0, '2019-11-16 22:25:20'),
(73, 36, 13, '65', '95', '0', 0, 45, '2019-11-16 22:52:36'),
(74, 36, 77, '3', '65', '0', 0, 0, '2019-11-16 22:53:11'),
(75, 37, 77, '7', '160', '0', 0, 0, '2019-11-17 20:27:07'),
(76, 37, 15, '17', '234', '0', 0, 223, '2019-11-17 20:44:56'),
(77, 38, 13, '10', '226', '0', 0, 0, '2019-11-17 22:33:52'),
(78, 38, 77, '11', '92', '0', 0, 0, '2019-11-17 22:34:43'),
(79, 39, 13, '10', '159', '0', 0, 0, '2019-11-17 22:58:03'),
(80, 39, 77, '1', '56', '0', 0, 0, '2019-11-17 23:00:15'),
(81, 40, 13, '2', '270', '0', 0, 0, '2019-11-17 23:38:10'),
(82, 40, 77, '26', '130', '0', 0, 0, '2019-11-17 23:38:31'),
(87, 48, 13, '10', '103', '0.77', 0, 13, '2019-11-18 21:51:52'),
(88, 48, 15, '11', '92', '0.68', 0, 13, '2019-11-18 21:52:12'),
(89, 48, 77, '7', '124', '0.96', 0, 13, '2019-11-18 21:52:39'),
(90, 49, 13, '23', '103', '0.71', 0, 9, '2019-11-18 22:28:31'),
(91, 49, 15, '', '92', '0.74', 0, 9, '2019-11-18 22:29:47'),
(92, 49, 77, '3', '85', '0.67', 0, 9, '2019-11-18 22:31:36'),
(93, 50, 13, '', '176', '1.41', 0, 14, '2019-11-18 23:15:03'),
(94, 50, 15, '23', '153', '1.11', 0, 14, '2019-11-18 23:16:27'),
(95, 50, 77, '7', '125', '0.97', 0, 14, '2019-11-18 23:17:24'),
(96, 51, 13, '23', '136', '0.97', 0, 13, '2019-11-18 23:57:22'),
(97, 51, 15, '10', '90', '0.67', 0, 13, '2019-11-18 23:57:42'),
(98, 51, 77, '10', '104', '0.78', 0, 13, '2019-11-18 23:57:45'),
(99, 52, 15, '15', '78', '0.55', 0, 0, '2019-11-20 21:02:20'),
(100, 52, 77, '10', '78', '0.57', 0, 0, '2019-11-20 21:02:38'),
(101, 53, 15, '25', '30', '0.12', 0, 0, '2019-11-20 21:36:19'),
(102, 53, 77, '8', '128', '0.98', 0, 0, '2019-11-20 21:36:49'),
(103, 53, 13, '20', '36', '0.19', 0, 0, '2019-11-20 21:37:23'),
(104, 54, 15, '17', '60', '0.40', 0, 0, '2019-11-20 22:01:17'),
(105, 54, 77, '2', '30', '0.23', 0, 0, '2019-11-20 22:01:40'),
(106, 54, 13, '5', '47', '0.35', 0, 0, '2019-11-20 22:01:41'),
(107, 55, 13, '37', '117', '0.75', 0, 0, '2019-11-20 22:44:58'),
(108, 55, 77, '3', '100', '0.79', 0, 0, '2019-11-20 22:46:01'),
(109, 55, 15, '5', '85', '0.66', 0, 0, '2019-11-21 20:11:15'),
(110, 56, 15, '15', '72', '0.50', 0, 16, '2019-11-22 21:12:28'),
(111, 56, 13, '', '113', '0.90', 0, 15, '2019-11-22 21:12:39'),
(112, 56, 77, '12', '94', '0.69', 0, 0, '2019-11-22 21:13:28'),
(113, 57, 13, '', '115', '0.92', 0, 0, '2019-11-22 21:53:06'),
(114, 57, 15, '13', '67', '0.47', 0, 0, '2019-11-22 21:53:27'),
(115, 57, 77, '3', '151', '1.19', 0, 0, '2019-11-22 21:53:36'),
(116, 58, 13, '17', '99', '0.71', 0, 18, '2019-11-22 22:44:49'),
(117, 58, 77, '9', '142', '1.09', 0, 18, '2019-11-22 22:46:08'),
(118, 59, 13, '23', '164', '1.20', 0, 0, '2019-11-22 23:14:55'),
(119, 59, 77, '11', '86', '0.63', 0, 0, '2019-11-22 23:15:39'),
(120, 58, 15, '13', '131', '0.98', 0, 0, '2019-11-23 00:02:37'),
(121, 60, 13, '35', '180', '1.27', 0, 0, '2019-11-23 22:02:36'),
(122, 60, 77, '10', '134', '1.02', 0, 0, '2019-11-23 22:02:58'),
(123, 61, 13, '54', '194', '1.28', 0, 2, '2019-11-23 22:41:51'),
(124, 61, 77, '14', '201', '1.54', 0, 1, '2019-11-23 22:42:18'),
(125, 62, 13, '154', '285', '1.51', 0, 2, '2019-11-24 23:24:19'),
(126, 62, 77, '61', '457', '3.35', 0, 1, '2019-11-24 23:24:49'),
(127, 63, 13, '', '211', '1.69', 0, 1, '2019-11-24 23:04:30'),
(128, 63, 77, '28', '52', '0.28', 0, 1, '2019-11-24 23:04:51'),
(129, 64, 13, '123', '308', '1.85', 32, 11, '2019-11-24 23:48:35'),
(130, 64, 77, '45', '110', '0.66', 0, 0, '2019-11-24 23:48:58'),
(131, 65, 13, '', '123', '0.98', 0, 11, '2019-11-25 00:07:12'),
(132, 65, 77, '1', '77', '0.61', 0, 10, '2019-11-25 00:08:06'),
(133, 66, 13, '', '419', '3.35', 0, 49, '2019-11-25 01:02:18'),
(134, 66, 77, '10', '245', '1.91', 0, 54, '2019-11-25 01:02:49'),
(135, 67, 13, '', '72', '0.58', 0, 18, '2019-11-25 21:38:31'),
(136, 67, 77, '10', '82', '0.61', 0, 3, '2019-11-25 21:39:33'),
(137, 68, 13, '10', '91', '0.68', 0, 5, '2019-11-25 22:03:07'),
(138, 69, 13, '', '99', '0.79', 0, 1, '2019-11-25 22:29:50'),
(139, 69, 77, '5', '54', '0.41', 0, 0, '2019-11-25 22:31:15'),
(140, 70, 13, '6', '12', '0.07', 0, 0, '2019-11-25 22:38:50'),
(141, 70, 77, '8', '12', '0.06', 0, 0, '2019-11-25 22:39:05'),
(142, 71, 13, '', '37', '0.30', 0, 0, '2019-11-25 22:51:04'),
(143, 71, 77, '13', '21', '0.10', 0, 0, '2019-11-25 22:51:31'),
(144, 68, 77, '8', '37', '0.26', 0, 0, '2019-11-25 22:52:50');

--
-- Indexes for dumped tables
--

--
-- Indexes for table `administrator`
--
ALTER TABLE `administrator`
  ADD PRIMARY KEY (`adm_id`);

--
-- Indexes for table `batch`
--
ALTER TABLE `batch`
  ADD PRIMARY KEY (`b_id`);

--
-- Indexes for table `global_tasks`
--
ALTER TABLE `global_tasks`
  ADD PRIMARY KEY (`task_id`);

--
-- Indexes for table `taggers`
--
ALTER TABLE `taggers`
  ADD PRIMARY KEY (`tagr_id`);

--
-- Indexes for table `taggers_details`
--
ALTER TABLE `taggers_details`
  ADD PRIMARY KEY (`detail_id`);

--
-- Indexes for table `tasks`
--
ALTER TABLE `tasks`
  ADD PRIMARY KEY (`task_id`);

--
-- Indexes for table `team_tag_0`
--
ALTER TABLE `team_tag_0`
  ADD PRIMARY KEY (`tc_id`);

--
-- Indexes for table `team_tag_1`
--
ALTER TABLE `team_tag_1`
  ADD PRIMARY KEY (`team_task_id`);

--
-- AUTO_INCREMENT for dumped tables
--

--
-- AUTO_INCREMENT for table `administrator`
--
ALTER TABLE `administrator`
  MODIFY `adm_id` int(11) NOT NULL AUTO_INCREMENT, AUTO_INCREMENT=11;

--
-- AUTO_INCREMENT for table `batch`
--
ALTER TABLE `batch`
  MODIFY `b_id` int(11) NOT NULL AUTO_INCREMENT, AUTO_INCREMENT=13;

--
-- AUTO_INCREMENT for table `global_tasks`
--
ALTER TABLE `global_tasks`
  MODIFY `task_id` int(11) NOT NULL AUTO_INCREMENT, AUTO_INCREMENT=297;

--
-- AUTO_INCREMENT for table `taggers`
--
ALTER TABLE `taggers`
  MODIFY `tagr_id` int(11) NOT NULL AUTO_INCREMENT, AUTO_INCREMENT=78;

--
-- AUTO_INCREMENT for table `taggers_details`
--
ALTER TABLE `taggers_details`
  MODIFY `detail_id` int(11) NOT NULL AUTO_INCREMENT, AUTO_INCREMENT=59;

--
-- AUTO_INCREMENT for table `tasks`
--
ALTER TABLE `tasks`
  MODIFY `task_id` int(11) NOT NULL AUTO_INCREMENT, AUTO_INCREMENT=246;

--
-- AUTO_INCREMENT for table `team_tag_0`
--
ALTER TABLE `team_tag_0`
  MODIFY `tc_id` int(11) NOT NULL AUTO_INCREMENT, AUTO_INCREMENT=72;

--
-- AUTO_INCREMENT for table `team_tag_1`
--
ALTER TABLE `team_tag_1`
  MODIFY `team_task_id` int(11) NOT NULL AUTO_INCREMENT, AUTO_INCREMENT=145;
COMMIT;

/*!40101 SET CHARACTER_SET_CLIENT=@OLD_CHARACTER_SET_CLIENT */;
/*!40101 SET CHARACTER_SET_RESULTS=@OLD_CHARACTER_SET_RESULTS */;
/*!40101 SET COLLATION_CONNECTION=@OLD_COLLATION_CONNECTION */;
